[
  {
    "id": "090c387f-76c3-45bb-b7f2-5cfb65e98cdf",
    "data": [
      {
        "text": "check my mailbox",
        "userDefined": false
      }
    ],
    "isTemplate": false,
    "count": 1,
    "updated": 1530479364
  },
  {
    "id": "2d5c6ffc-fda6-4438-9f1a-221d94342dfa",
    "data": [
      {
        "text": "show me my ",
        "userDefined": false
      },
      {
        "text": "mails",
        "alias": "mailpiece",
        "meta": "@mailpiece",
        "userDefined": false
      }
    ],
    "isTemplate": false,
    "count": 0,
    "updated": 1530479364
  }
]