[
  {
    "id": "7a823113-4bb0-4558-baaf-54019e1c0c1e",
    "data": [
      {
        "text": "show me the next page",
        "userDefined": false
      }
    ],
    "isTemplate": false,
    "count": 0,
    "updated": 1530480597
  },
  {
    "id": "684a836e-f2f1-497a-aef1-d00a910f676b",
    "data": [
      {
        "text": "switch to the next",
        "userDefined": false
      }
    ],
    "isTemplate": false,
    "count": 0,
    "updated": 1530480597
  },
  {
    "id": "1c408082-557f-4ab3-81ec-38ae53d71f3d",
    "data": [
      {
        "text": "next page",
        "userDefined": false
      }
    ],
    "isTemplate": false,
    "count": 0,
    "updated": 1530480597
  },
  {
    "id": "c8755c1e-5411-4b70-8602-0c4ace1d40a9",
    "data": [
      {
        "text": "go to the next page",
        "userDefined": false
      }
    ],
    "isTemplate": false,
    "count": 0,
    "updated": 1530480597
  },
  {
    "id": "0633128d-0143-4201-b2ab-32fda98660d9",
    "data": [
      {
        "text": "next",
        "userDefined": false
      }
    ],
    "isTemplate": false,
    "count": 0,
    "updated": 1530480597
  },
  {
    "id": "3c260336-5abc-4d08-b27d-f60ce3775c9d",
    "data": [
      {
        "text": "following result",
        "userDefined": false
      }
    ],
    "isTemplate": false,
    "count": 0,
    "updated": 1530480597
  },
  {
    "id": "40c692f4-3ff1-473c-a8de-ee553fed7817",
    "data": [
      {
        "text": "go forward",
        "userDefined": false
      }
    ],
    "isTemplate": false,
    "count": 0,
    "updated": 1530480597
  },
  {
    "id": "7fbc1664-b432-407a-9311-a42bc095315a",
    "data": [
      {
        "text": "show me next",
        "userDefined": false
      }
    ],
    "isTemplate": false,
    "count": 0,
    "updated": 1530480597
  },
  {
    "id": "4a4e825c-6c99-4a51-a188-131fa4a785d4",
    "data": [
      {
        "text": "read the next results",
        "userDefined": false
      }
    ],
    "isTemplate": false,
    "count": 0,
    "updated": 1530480597
  },
  {
    "id": "109521f3-113d-4344-8052-0afa8e1d87d9",
    "data": [
      {
        "text": "show me the following results",
        "userDefined": false
      }
    ],
    "isTemplate": false,
    "count": 0,
    "updated": 1530480597
  }
]